window,book,first_ch,last_ch,nodes,edges,avg_degree,density,avg_sentiment,positive_edges,negative_edges,balance
book_1_w001_010,book_1,1,10,26,169,13.0,0.52,0.4861,147,22,0.7754
book_1_w002_011,book_1,2,11,24,162,13.5,0.587,0.4901,142,20,0.7757
book_1_w003_012,book_1,3,12,25,180,14.4,0.6,0.4988,157,23,0.7743
book_1_w004_013,book_1,4,13,24,169,14.0833,0.6123,0.3781,137,32,0.75
book_1_w005_014,book_1,5,14,26,194,14.9231,0.5969,0.4639,167,27,0.7779
book_1_w006_015,book_1,6,15,25,196,15.68,0.6533,0.4136,160,36,0.7358
book_1_w007_016,book_1,7,16,23,167,14.5217,0.6601,0.5027,148,19,0.8067
book_1_w008_017,book_1,8,17,20,130,13.0,0.6842,0.4106,111,19,0.7795
book_1_w009_018,book_1,9,18,20,132,13.2,0.6947,0.439,115,17,0.7797
book_1_w010_019,book_1,10,19,20,132,13.2,0.6947,0.305,103,29,0.7133
book_1_w011_020,book_1,11,20,25,172,13.76,0.5733,0.1704,114,58,0.6755
book_1_w012_021,book_1,12,21,25,160,12.8,0.5333,0.1641,105,55,0.7025
book_1_w013_022,book_1,13,22,25,160,12.8,0.5333,0.1324,105,55,0.7094
book_1_w014_023,book_1,14,23,24,157,13.0833,0.5688,0.2357,111,46,0.7445
book_1_w015_024,book_1,15,24,23,142,12.3478,0.5613,0.2543,102,40,0.7834
book_1_w016_025,book_1,16,25,25,155,12.4,0.5167,0.4652,129,26,0.8015
book_1_w017_026,book_1,17,26,25,164,13.12,0.5467,0.5149,147,17,0.839
book_1_w018_027,book_1,18,27,24,152,12.6667,0.5507,0.5787,140,12,0.8403
book_1_w019_028,book_1,19,28,25,157,12.56,0.5233,0.6236,153,4,0.9421
book_1_w020_029,book_1,20,29,24,144,12.0,0.5217,0.6527,139,5,0.9077
book_1_w021_030,book_1,21,30,25,159,12.72,0.53,0.7393,155,4,0.9334
book_1_w022_031,book_1,22,31,25,178,14.24,0.5933,0.788,174,4,0.9506
book_1_w023_032,book_1,23,32,22,144,13.0909,0.6234,0.7594,138,6,0.9231
book_1_w024_033,book_1,24,33,22,132,12.0,0.5714,0.81,129,3,0.9612
book_1_w025_034,book_1,25,34,23,151,13.1304,0.5968,0.8036,144,7,0.9421
book_1_w026_035,book_1,26,35,22,142,12.9091,0.6147,0.8257,138,4,0.9547
book_1_w027_036,book_1,27,36,20,129,12.9,0.6789,0.749,124,5,0.9066
book_1_w028_037,book_1,28,37,19,123,12.9474,0.7193,0.8143,123,0,1.0
book_1_w029_038,book_1,29,38,18,120,13.3333,0.7843,0.7323,116,4,0.9034
book_1_w030_039,book_1,30,39,18,125,13.8889,0.817,0.8514,124,1,0.9782
book_1_w031_040,book_1,31,40,19,142,14.9474,0.8304,0.8253,139,3,0.9397
book_1_w032_041,book_1,32,41,20,138,13.8,0.7263,0.6559,128,10,0.9392
book_1_w033_042,book_1,33,42,24,174,14.5,0.6304,0.486,135,39,0.7769
book_1_w034_043,book_1,34,43,25,182,14.56,0.6067,0.5095,150,32,0.8668
book_1_w035_044,book_1,35,44,25,180,14.4,0.6,0.4131,140,40,0.7612
book_1_w036_045,book_1,36,45,25,181,14.48,0.6033,0.3801,138,43,0.747
book_1_w037_046,book_1,37,46,26,184,14.1538,0.5662,0.4377,143,41,0.7584
book_1_w038_047,book_1,38,47,26,192,14.7692,0.5908,0.4617,158,34,0.8465
book_1_w039_048,book_1,39,48,28,222,15.8571,0.5873,0.5795,186,36,0.8939
book_1_w040_049,book_1,40,49,28,215,15.3571,0.5688,0.4794,171,44,0.8692
book_1_w041_050,book_1,41,50,29,215,14.8276,0.5296,0.4619,171,44,0.8847
book_1_w042_051,book_1,42,51,30,218,14.5333,0.5011,0.546,184,34,0.9268
book_1_w043_052,book_1,43,52,28,196,14.0,0.5185,0.5825,174,22,0.9083
book_1_w044_053,book_1,44,53,25,157,12.56,0.5233,0.5904,138,19,0.9244
book_1_w045_054,book_1,45,54,23,153,13.3043,0.6047,0.534,135,18,0.8887
book_1_w046_055,book_1,46,55,21,119,11.3333,0.5667,0.6776,115,4,0.9331
book_1_w047_056,book_1,47,56,21,112,10.6667,0.5333,0.6575,104,8,0.9425
book_1_w048_057,book_1,48,57,18,91,10.1111,0.5948,0.47,76,15,0.8394
book_1_w049_058,book_1,49,58,15,57,7.6,0.5429,0.4072,47,10,0.7723
book_1_w050_059,book_1,50,59,17,73,8.5882,0.5368,0.2379,53,20,0.7292
book_1_w051_060,book_1,51,60,21,124,11.8095,0.5905,0.2691,85,39,0.6841
book_1_w052_061,book_1,52,61,19,97,10.2105,0.5673,0.4037,71,26,0.804
book_1_w053_062,book_1,53,62,20,111,11.1,0.5842,0.333,77,34,0.6392
book_1_w054_063,book_1,54,63,21,128,12.1905,0.6095,0.2976,91,37,0.6569
book_1_w055_064,book_1,55,64,19,115,12.1053,0.6725,0.4149,88,27,0.7507
book_1_w056_065,book_1,56,65,21,149,14.1905,0.7095,0.2117,94,55,0.5865
book_1_w057_066,book_1,57,66,22,159,14.4545,0.6883,0.1087,87,72,0.4655
book_1_w058_067,book_1,58,67,22,169,15.3636,0.7316,0.2947,125,44,0.7527
book_2_w001_010,book_2,1,10,39,314,16.1026,0.4238,0.59,268,46,0.8551
book_2_w002_011,book_2,2,11,35,282,16.1143,0.4739,0.7362,266,16,0.9348
book_2_w003_012,book_2,3,12,31,246,15.871,0.529,0.7347,228,18,0.8902
book_2_w004_013,book_2,4,13,33,271,16.4242,0.5133,0.7726,261,10,0.9376
book_2_w005_014,book_2,5,14,27,197,14.5926,0.5613,0.862,195,2,0.9773
book_2_w006_015,book_2,6,15,30,228,15.2,0.5241,0.7962,223,5,0.9498
book_2_w007_016,book_2,7,16,31,238,15.3548,0.5118,0.7637,227,11,0.9216
book_2_w008_017,book_2,8,17,33,277,16.7879,0.5246,0.5986,238,39,0.8585
book_2_w009_018,book_2,9,18,32,243,15.1875,0.4899,0.5909,215,28,0.8503
book_2_w010_019,book_2,10,19,29,215,14.8276,0.5296,0.594,194,21,0.871
book_2_w011_020,book_2,11,20,34,256,15.0588,0.4563,0.5676,229,27,0.9141
book_2_w012_021,book_2,12,21,37,309,16.7027,0.464,0.6414,289,20,0.9323
book_2_w013_022,book_2,13,22,37,297,16.0541,0.4459,0.5934,263,34,0.8722
book_2_w014_023,book_2,14,23,35,272,15.5429,0.4571,0.5918,246,26,0.9508
book_2_w015_024,book_2,15,24,37,298,16.1081,0.4474,0.6651,277,21,0.9606
book_2_w016_025,book_2,16,25,37,296,16.0,0.4444,0.6143,266,30,0.9271
book_2_w017_026,book_2,17,26,34,282,16.5882,0.5027,0.5476,248,34,0.8589
book_2_w018_027,book_2,18,27,33,278,16.8485,0.5265,0.6904,270,8,0.9179
book_2_w019_028,book_2,19,28,34,285,16.7647,0.508,0.6767,265,20,0.8659
book_2_w020_029,book_2,20,29,33,260,15.7576,0.4924,0.7254,247,13,0.8942
book_2_w021_030,book_2,21,30,31,245,15.8065,0.5269,0.6315,223,22,0.8751
book_2_w022_031,book_2,22,31,26,169,13.0,0.52,0.4424,135,34,0.7719
book_2_w023_032,book_2,23,32,27,171,12.6667,0.4872,0.3993,132,39,0.7559
book_2_w024_033,book_2,24,33,22,135,12.2727,0.5844,0.2407,94,41,0.6451
book_2_w025_034,book_2,25,34,21,115,10.9524,0.5476,0.1719,72,43,0.6409
book_2_w026_035,book_2,26,35,22,127,11.5455,0.5498,0.1106,80,47,0.7077
book_2_w027_036,book_2,27,36,24,149,12.4167,0.5399,-0.0063,79,70,0.6227
book_2_w028_037,book_2,28,37,24,142,11.8333,0.5145,0.1463,92,50,0.7179
book_2_w029_038,book_2,29,38,27,158,11.7037,0.4501,-0.043,81,77,0.6385
book_2_w030_039,book_2,30,39,28,175,12.5,0.463,-0.0007,105,70,0.7802
book_2_w031_040,book_2,31,40,27,172,12.7407,0.49,-0.0163,90,82,0.633
book_2_w032_041,book_2,32,41,26,177,13.6154,0.5446,0.0883,113,64,0.6534
book_2_w033_042,book_2,33,42,28,235,16.7857,0.6217,0.2313,167,68,0.7003
book_2_w034_043,book_2,34,43,29,236,16.2759,0.5813,0.2158,166,70,0.7514
book_2_w035_044,book_2,35,44,36,334,18.5556,0.5302,0.3353,245,89,0.7327
book_2_w036_045,book_2,36,45,35,315,18.0,0.5294,0.3274,238,77,0.7128
book_2_w037_046,book_2,37,46,36,328,18.2222,0.5206,0.4257,263,65,0.7362
book_2_w038_047,book_2,38,47,38,370,19.4737,0.5263,0.2938,260,110,0.6859
book_2_w039_048,book_2,39,48,37,332,17.9459,0.4985,0.2452,212,120,0.6422
book_2_w040_049,book_2,40,49,36,335,18.6111,0.5317,0.2779,227,108,0.666
book_2_w041_050,book_2,41,50,34,311,18.2941,0.5544,0.3299,226,85,0.7189
book_2_w042_051,book_2,42,51,36,328,18.2222,0.5206,0.3386,246,82,0.748
book_2_w043_052,book_2,43,52,35,297,16.9714,0.4992,0.2982,208,89,0.6774
book_2_w044_053,book_2,44,53,35,333,19.0286,0.5597,0.341,234,99,0.6563
book_2_w045_054,book_2,45,54,37,335,18.1081,0.503,0.4381,258,77,0.7497
book_2_w046_055,book_2,46,55,42,398,18.9524,0.4623,0.3654,284,114,0.725
book_2_w047_056,book_2,47,56,43,418,19.4419,0.4629,0.3312,296,122,0.6987
book_2_w048_057,book_2,48,57,41,364,17.7561,0.4439,0.4153,284,80,0.7686
book_2_w049_058,book_2,49,58,37,319,17.2432,0.479,0.5356,270,49,0.7672
book_2_w050_059,book_2,50,59,36,290,16.1111,0.4603,0.6073,259,31,0.8292
book_2_w051_060,book_2,51,60,37,309,16.7027,0.464,0.6949,285,24,0.9012
book_2_w052_061,book_2,52,61,37,339,18.3243,0.509,0.6909,317,22,0.9114
book_2_w053_062,book_2,53,62,32,282,17.625,0.5685,0.5667,248,34,0.867
book_2_w054_063,book_2,54,63,31,259,16.7097,0.557,0.3836,198,61,0.8075
book_2_w055_064,book_2,55,64,26,216,16.6154,0.6646,0.5402,187,29,0.7813
book_2_w056_065,book_2,56,65,23,192,16.6957,0.7589,0.4227,160,32,0.8341
book_2_w057_066,book_2,57,66,23,187,16.2609,0.7391,0.5647,160,27,0.8492
book_2_w058_067,book_2,58,67,23,191,16.6087,0.7549,0.4281,158,33,0.8487
book_2_w059_068,book_2,59,68,23,184,16.0,0.7273,0.6265,164,20,0.9431
book_2_w060_069,book_2,60,69,21,157,14.9524,0.7476,0.479,134,23,0.9128
book_2_w061_070,book_2,61,70,21,154,14.6667,0.7333,0.4655,135,19,0.8692
book_2_w062_071,book_2,62,71,22,145,13.1818,0.6277,0.4113,117,28,0.8536
book_2_w063_072,book_2,63,72,22,137,12.4545,0.5931,0.3202,107,30,0.8137
book_2_w064_073,book_2,64,73,20,118,11.8,0.6211,0.4522,109,9,0.8724
book_2_w065_074,book_2,65,74,19,124,13.0526,0.7251,0.5017,118,6,0.8744
book_2_w066_075,book_2,66,75,21,138,13.1429,0.6571,0.5162,131,7,0.9131
book_2_w067_076,book_2,67,76,24,178,14.8333,0.6449,0.533,170,8,0.9
book_2_w068_077,book_2,68,77,28,256,18.2857,0.6772,0.5711,243,13,0.8901
book_2_w069_078,book_2,69,78,29,274,18.8966,0.6749,0.5242,255,19,0.8911
book_2_w070_079,book_2,70,79,31,298,19.2258,0.6409,0.5386,281,17,0.9163
book_2_w071_080,book_2,71,80,31,307,19.8065,0.6602,0.581,283,24,0.8572
book_2_w072_081,book_2,72,81,30,281,18.7333,0.646,0.4862,253,28,0.8934
book_2_w073_082,book_2,73,82,31,300,19.3548,0.6452,0.5802,273,27,0.8623
book_2_w074_083,book_2,74,83,31,301,19.4194,0.6473,0.596,288,13,0.937
book_2_w075_084,book_2,75,84,28,252,18.0,0.6667,0.5622,238,14,0.9195
book_2_w076_085,book_2,76,85,25,218,17.44,0.7267,0.5509,203,15,0.8621
book_2_w077_086,book_2,77,86,25,211,16.88,0.7033,0.56,193,18,0.8856
book_2_w078_087,book_2,78,87,24,188,15.6667,0.6812,0.5439,168,20,0.8315
book_2_w079_088,book_2,79,88,23,170,14.7826,0.6719,0.5247,155,15,0.8947
book_2_w080_089,book_2,80,89,29,241,16.6207,0.5936,0.6081,219,22,0.9029
book_2_w081_090,book_2,81,90,28,219,15.6429,0.5794,0.6223,197,22,0.8866
book_3_w001_010,book_3,1,10,28,182,13.0,0.4815,0.7162,172,10,0.9821
book_3_w002_011,book_3,2,11,32,199,12.4375,0.4012,0.6367,175,24,0.9181
book_3_w003_012,book_3,3,12,30,167,11.1333,0.3839,0.5821,144,23,0.9054
book_3_w004_013,book_3,4,13,30,160,10.6667,0.3678,0.5667,135,25,0.8995
book_3_w005_014,book_3,5,14,25,112,8.96,0.3733,0.4937,92,20,0.765
book_3_w006_015,book_3,6,15,24,114,9.5,0.413,0.3838,89,25,0.7422
book_3_w007_016,book_3,7,16,27,144,10.6667,0.4103,0.4335,120,24,0.7827
book_3_w008_017,book_3,8,17,29,150,10.3448,0.3695,0.5286,128,22,0.7797
book_3_w009_018,book_3,9,18,28,149,10.6429,0.3942,0.4882,119,30,0.8022
book_3_w010_019,book_3,10,19,24,115,9.5833,0.4167,0.6851,107,8,0.9206
book_3_w011_020,book_3,11,20,23,129,11.2174,0.5099,0.7699,125,4,0.944
book_3_w012_021,book_3,12,21,21,113,10.7619,0.5381,0.8306,112,1,0.9831
book_3_w013_022,book_3,13,22,21,117,11.1429,0.5571,0.8253,117,0,1.0
book_3_w014_023,book_3,14,23,19,92,9.6842,0.538,0.7824,89,3,0.9462
book_3_w015_024,book_3,15,24,21,115,10.9524,0.5476,0.7699,111,4,0.9161
book_3_w016_025,book_3,16,25,20,107,10.7,0.5632,0.8152,105,2,0.9493
book_3_w017_026,book_3,17,26,19,91,9.5789,0.5322,0.772,88,3,0.9648
book_3_w018_027,book_3,18,27,15,65,8.6667,0.619,0.7979,65,0,1.0
book_3_w019_028,book_3,19,28,12,48,8.0,0.7273,0.7443,48,0,1.0
book_3_w020_029,book_3,20,29,14,59,8.4286,0.6484,0.581,54,5,0.8475
book_3_w021_030,book_3,21,30,13,54,8.3077,0.6923,0.5621,50,4,0.8774
book_3_w022_031,book_3,22,31,13,54,8.3077,0.6923,0.576,49,5,0.8558
book_3_w023_032,book_3,23,32,16,66,8.25,0.55,0.6451,65,1,0.9701
book_3_w024_033,book_3,24,33,15,58,7.7333,0.5524,0.6288,55,3,0.8796
book_3_w025_034,book_3,25,34,16,59,7.375,0.4917,0.6674,55,4,0.866
book_3_w026_035,book_3,26,35,18,79,8.7778,0.5163,0.8743,78,1,0.983
book_3_w027_036,book_3,27,36,18,79,8.7778,0.5163,0.8154,78,1,0.9818
book_3_w028_037,book_3,28,37,20,94,9.4,0.4947,0.7923,90,4,0.9324
book_3_w029_038,book_3,29,38,20,92,9.2,0.4842,0.8537,90,2,0.9594
book_3_w030_039,book_3,30,39,24,132,11.0,0.4783,0.6612,124,8,0.8898
book_3_w031_040,book_3,31,40,23,149,12.9565,0.5889,0.7923,145,4,0.9397
book_3_w032_041,book_3,32,41,23,161,14.0,0.6364,0.8108,158,3,0.9578
book_3_w033_042,book_3,33,42,21,142,13.5238,0.6762,0.7747,139,3,0.9496
book_3_w034_043,book_3,34,43,20,129,12.9,0.6789,0.6418,120,9,0.9217
book_3_w035_044,book_3,35,44,22,134,12.1818,0.5801,0.7779,129,5,0.932
book_3_w036_045,book_3,36,45,20,124,12.4,0.6526,0.6642,116,8,0.9012
book_3_w037_046,book_3,37,46,21,130,12.381,0.619,0.5973,119,11,0.8581
book_3_w038_047,book_3,38,47,20,125,12.5,0.6579,0.5652,112,13,0.8544
book_3_w039_048,book_3,39,48,19,120,12.6316,0.7018,0.5697,105,15,0.8657
book_3_w040_049,book_3,40,49,18,105,11.6667,0.6863,0.5782,94,11,0.8875
book_3_w041_050,book_3,41,50,17,93,10.9412,0.6838,0.4488,81,11,0.876
book_3_w042_051,book_3,42,51,18,92,10.2222,0.6013,0.3896,73,19,0.692
book_3_w043_052,book_3,43,52,15,66,8.8,0.6286,0.6077,64,2,0.9433
book_3_w044_053,book_3,44,53,18,96,10.6667,0.6275,0.5948,93,3,0.9455
book_3_w045_054,book_3,45,54,21,111,10.5714,0.5286,0.5831,102,9,0.9097
book_3_w046_055,book_3,46,55,23,124,10.7826,0.4901,0.5181,106,18,0.8834
book_3_w047_056,book_3,47,56,24,130,10.8333,0.471,0.5788,118,12,0.8889
book_3_w048_057,book_3,48,57,27,179,13.2593,0.51,0.6597,175,4,0.9462
book_3_w049_058,book_3,49,58,27,177,13.1111,0.5043,0.674,170,7,0.9227
book_3_w050_059,book_3,50,59,27,180,13.3333,0.5128,0.6391,170,10,0.9135
book_3_w051_060,book_3,51,60,27,182,13.4815,0.5185,0.5686,163,19,0.8701
book_3_w052_061,book_3,52,61,25,174,13.92,0.58,0.5583,155,19,0.87
book_3_w053_062,book_3,53,62,22,118,10.7273,0.5108,0.5361,105,13,0.8878
book_3_w054_063,book_3,54,63,19,93,9.7895,0.5439,0.3349,72,21,0.8273
book_3_w055_064,book_3,55,64,18,85,9.4444,0.5556,0.3023,58,27,0.7186
book_3_w056_065,book_3,56,65,20,93,9.3,0.4895,0.4005,69,24,0.7037
book_3_w057_066,book_3,57,66,22,120,10.9091,0.5195,0.4408,97,23,0.8313
book_3_w058_067,book_3,58,67,19,84,8.8421,0.4912,0.407,63,21,0.7624
book_3_w059_068,book_3,59,68,18,79,8.7778,0.5163,0.2845,52,27,0.7101
book_3_w060_069,book_3,60,69,19,79,8.3158,0.462,0.5129,61,18,0.8224
book_3_w061_070,book_3,61,70,23,107,9.3043,0.4229,0.6847,91,16,0.8982
book_3_w062_071,book_3,62,71,22,103,9.3636,0.4459,0.6139,85,18,0.9054
book_3_w063_072,book_3,63,72,23,110,9.5652,0.4348,0.6327,94,16,0.9095
book_3_w064_073,book_3,64,73,21,97,9.2381,0.4619,0.8877,97,0,1.0
book_3_w065_074,book_3,65,74,22,110,10.0,0.4762,0.8472,109,1,0.9769
book_3_w066_075,book_3,66,75,20,100,10.0,0.5263,0.8243,99,1,0.9797
book_4_w001_010,book_4,1,10,21,145,13.8095,0.6905,0.7457,142,3,0.954
book_4_w002_011,book_4,2,11,16,92,11.5,0.7667,0.7974,90,2,0.9607
book_4_w003_012,book_4,3,12,16,94,11.75,0.7833,0.7636,92,2,0.9559
book_4_w004_013,book_4,4,13,16,98,12.25,0.8167,0.7992,97,1,0.9815
book_4_w005_014,book_4,5,14,21,146,13.9048,0.6952,0.8701,144,2,0.9741
book_4_w006_015,book_4,6,15,22,159,14.4545,0.6883,0.8316,151,8,0.9609
book_4_w007_016,book_4,7,16,22,166,15.0909,0.7186,0.7791,161,5,0.9527
book_4_w008_017,book_4,8,17,23,181,15.7391,0.7154,0.7759,175,6,0.9556
book_4_w009_018,book_4,9,18,24,187,15.5833,0.6775,0.7928,182,5,0.949
book_4_w010_019,book_4,10,19,24,188,15.6667,0.6812,0.8383,186,2,0.977
book_4_w011_020,book_4,11,20,23,185,16.087,0.7312,0.8111,180,5,0.9464
book_4_w012_021,book_4,12,21,31,261,16.8387,0.5613,0.6383,239,22,0.882
book_4_w013_022,book_4,13,22,32,277,17.3125,0.5585,0.7487,259,18,0.9087
book_4_w014_023,book_4,14,23,32,275,17.1875,0.5544,0.714,255,20,0.889
book_4_w015_024,book_4,15,24,27,198,14.6667,0.5641,0.5935,180,18,0.8633
book_4_w016_025,book_4,16,25,26,184,14.1538,0.5662,0.6435,171,13,0.9053
book_4_w017_026,book_4,17,26,28,194,13.8571,0.5132,0.5426,167,27,0.8154
book_4_w018_027,book_4,18,27,28,183,13.0714,0.4841,0.6167,163,20,0.8515
book_4_w019_028,book_4,19,28,27,168,12.4444,0.4786,0.5102,144,24,0.7988
book_4_w020_029,book_4,20,29,27,173,12.8148,0.4929,0.5433,151,22,0.8173
book_4_w021_030,book_4,21,30,27,155,11.4815,0.4416,0.6659,143,12,0.8627
book_4_w022_031,book_4,22,31,22,113,10.2727,0.4892,0.6536,103,10,0.8731
book_4_w023_032,book_4,23,32,21,92,8.7619,0.4381,0.6655,83,9,0.8865
book_4_w024_033,book_4,24,33,22,106,9.6364,0.4589,0.6566,98,8,0.888
book_4_w025_034,book_4,25,34,21,97,9.2381,0.4619,0.645,90,7,0.899
book_4_w026_035,book_4,26,35,18,80,8.8889,0.5229,0.7456,76,4,0.9509
book_4_w027_036,book_4,27,36,15,58,7.7333,0.5524,0.7215,53,5,0.8922
book_4_w028_037,book_4,28,37,16,61,7.625,0.5083,0.6986,56,5,0.8692
book_4_w029_038,book_4,29,38,17,81,9.5294,0.5956,0.7067,78,3,0.929
book_4_w030_039,book_4,30,39,18,85,9.4444,0.5556,0.6953,79,6,0.9305
book_4_w031_040,book_4,31,40,19,97,10.2105,0.5673,0.7356,88,9,0.8653
book_4_w032_041,book_4,32,41,20,126,12.6,0.6632,0.6173,113,13,0.9142
book_4_w033_042,book_4,33,42,20,123,12.3,0.6474,0.6248,112,11,0.9054
book_4_w034_043,book_4,34,43,20,127,12.7,0.6684,0.6245,118,9,0.9242
book_4_w035_044,book_4,35,44,19,125,13.1579,0.731,0.6636,116,9,0.9284
book_4_w036_045,book_4,36,45,16,98,12.25,0.8167,0.6879,92,6,0.9463
book_4_w037_046,book_4,37,46,20,130,13.0,0.6842,0.6933,121,9,0.9097
book_4_w038_047,book_4,38,47,19,134,14.1053,0.7836,0.7526,130,4,0.9369
book_4_w039_048,book_4,39,48,19,134,14.1053,0.7836,0.7519,130,4,0.9368
book_4_w040_049,book_4,40,49,20,140,14.0,0.7368,0.7603,134,6,0.9152
book_4_w041_050,book_4,41,50,20,140,14.0,0.7368,0.6868,128,12,0.9114
book_4_w042_051,book_4,42,51,19,117,12.3158,0.6842,0.7891,114,3,0.9293
book_4_w043_052,book_4,43,52,19,110,11.5789,0.6433,0.7628,107,3,0.9566
book_4_w044_053,book_4,44,53,19,105,11.0526,0.614,0.8215,103,2,0.9474
book_4_w045_054,book_4,45,54,21,131,12.4762,0.6238,0.8231,130,1,0.9907
book_4_w046_055,book_4,46,55,23,171,14.8696,0.6759,0.8942,171,0,1.0
book_4_w047_056,book_4,47,56,26,200,15.3846,0.6154,0.8693,200,0,1.0
book_4_w048_057,book_4,48,57,26,202,15.5385,0.6215,0.8565,201,1,0.9903
book_4_w049_058,book_4,49,58,25,192,15.36,0.64,0.8447,191,1,0.9844
book_4_w050_059,book_4,50,59,25,189,15.12,0.63,0.8344,188,1,0.9919
book_4_w051_060,book_4,51,60,26,196,15.0769,0.6031,0.8462,192,4,0.961
book_4_w052_061,book_4,52,61,24,169,14.0833,0.6123,0.8972,168,1,0.9923
book_4_w053_062,book_4,53,62,25,176,14.08,0.5867,0.8982,175,1,0.9925
book_4_w054_063,book_4,54,63,23,166,14.4348,0.6561,0.9096,165,1,0.9937
book_4_w055_064,book_4,55,64,26,171,13.1538,0.5262,0.8713,169,2,0.9865
book_4_w056_065,book_4,56,65,20,119,11.9,0.6263,0.8263,119,0,1.0
book_5_w001_010,book_5,1,10,16,65,8.125,0.5417,0.6788,59,6,0.8939
book_5_w002_011,book_5,2,11,18,83,9.2222,0.5425,0.7552,78,5,0.9511
book_5_w003_012,book_5,3,12,22,107,9.7273,0.4632,0.8637,107,0,1.0
book_5_w004_013,book_5,4,13,22,110,10.0,0.4762,0.7456,103,7,0.8846
book_5_w005_014,book_5,5,14,22,110,10.0,0.4762,0.7451,103,7,0.8846
book_5_w006_015,book_5,6,15,22,117,10.6364,0.5065,0.7401,111,6,0.9091
book_5_w007_016,book_5,7,16,21,111,10.5714,0.5286,0.7553,106,5,0.8961
book_5_w008_017,book_5,8,17,21,111,10.5714,0.5286,0.5992,94,17,0.8445
book_5_w009_018,book_5,9,18,21,109,10.381,0.519,0.6494,98,11,0.886
book_5_w010_019,book_5,10,19,17,80,9.4118,0.5882,0.6598,75,5,0.933
book_5_w011_020,book_5,11,20,17,84,9.8824,0.6176,0.6585,80,4,0.9216
book_5_w012_021,book_5,12,21,16,77,9.625,0.6417,0.5551,69,8,0.9037
book_5_w013_022,book_5,13,22,16,71,8.875,0.5917,0.6286,68,3,0.9272
book_5_w014_023,book_5,14,23,19,93,9.7895,0.5439,0.6712,91,2,0.9641
book_5_w015_024,book_5,15,24,17,92,10.8235,0.6765,0.5915,85,7,0.9062
book_5_w016_025,book_5,16,25,16,87,10.875,0.725,0.631,81,6,0.935
book_5_w017_026,book_5,17,26,16,88,11.0,0.7333,0.7097,85,3,0.9486
book_5_w018_027,book_5,18,27,19,105,11.0526,0.614,0.5722,93,12,0.9144
book_5_w019_028,book_5,19,28,18,100,11.1111,0.6536,0.6213,95,5,0.9266
book_5_w020_029,book_5,20,29,18,93,10.3333,0.6078,0.4752,82,11,0.9146
book_5_w021_030,book_5,21,30,18,96,10.6667,0.6275,0.4703,81,15,0.8599
book_5_w022_031,book_5,22,31,19,101,10.6316,0.5906,0.4781,86,15,0.8427
book_5_w023_032,book_5,23,32,19,100,10.5263,0.5848,0.3996,84,16,0.8604
book_5_w024_033,book_5,24,33,17,83,9.7647,0.6103,0.4656,80,3,0.9302
book_5_w025_034,book_5,25,34,16,80,10.0,0.6667,0.4737,76,4,0.8692
book_5_w026_035,book_5,26,35,17,85,10.0,0.625,0.5194,83,2,0.9295
book_5_w027_036,book_5,27,36,17,86,10.1176,0.6324,0.7006,83,3,0.9046
book_5_w028_037,book_5,28,37,21,108,10.2857,0.5143,0.6973,104,4,0.9048
book_5_w029_038,book_5,29,38,20,113,11.3,0.5947,0.6314,105,8,0.8862
book_5_w030_039,book_5,30,39,20,117,11.7,0.6158,0.7274,113,4,0.9335
book_5_w031_040,book_5,31,40,26,141,10.8462,0.4338,0.6596,133,8,0.8931
book_5_w032_041,book_5,32,41,28,153,10.9286,0.4048,0.6809,145,8,0.899
book_5_w033_042,book_5,33,42,29,154,10.6207,0.3793,0.7904,151,3,0.957
book_5_w034_043,book_5,34,43,32,181,11.3125,0.3649,0.7191,167,14,0.9294
book_5_w035_044,book_5,35,44,31,173,11.1613,0.372,0.748,161,12,0.9384
book_5_w036_045,book_5,36,45,33,195,11.8182,0.3693,0.7685,189,6,0.9432
book_5_w037_046,book_5,37,46,34,202,11.8824,0.3601,0.7227,184,18,0.9299
book_5_w038_047,book_5,38,47,33,192,11.6364,0.3636,0.7176,182,10,0.8983
book_5_w039_048,book_5,39,48,28,161,11.5,0.4259,0.6773,159,2,0.9712
book_5_w040_049,book_5,40,49,22,135,12.2727,0.5844,0.6806,124,11,0.927
book_5_w041_050,book_5,41,50,22,123,11.1818,0.5325,0.6681,110,13,0.8754
book_5_w042_051,book_5,42,51,23,130,11.3043,0.5138,0.6534,125,5,0.9109
book_5_w043_052,book_5,43,52,24,131,10.9167,0.4746,0.5401,115,16,0.8775
book_5_w044_053,book_5,44,53,22,120,10.9091,0.5195,0.7178,117,3,0.9424
book_5_w045_054,book_5,45,54,22,113,10.2727,0.4892,0.7303,110,3,0.9304
book_5_w046_055,book_5,46,55,23,119,10.3478,0.4704,0.794,119,0,1.0
book_5_w047_056,book_5,47,56,20,92,9.2,0.4842,0.7374,91,1,0.9594
book_5_w048_057,book_5,48,57,17,82,9.6471,0.6029,0.7574,82,0,1.0
book_5_w049_058,book_5,49,58,17,90,10.5882,0.6618,0.8073,90,0,1.0
book_5_w050_059,book_5,50,59,15,78,10.4,0.7429,0.7697,77,1,0.9712
book_5_w051_060,book_5,51,60,15,78,10.4,0.7429,0.7694,78,0,1.0
book_5_w052_061,book_5,52,61,16,83,10.375,0.6917,0.7819,83,0,1.0
book_5_w053_062,book_5,53,62,16,80,10.0,0.6667,0.7539,80,0,1.0
book_5_w054_063,book_5,54,63,17,87,10.2353,0.6397,0.7129,87,0,1.0
book_5_w055_064,book_5,55,64,16,83,10.375,0.6917,0.4325,70,13,0.7634
book_5_w056_065,book_5,56,65,16,86,10.75,0.7167,0.5684,81,5,0.8835
book_5_w057_066,book_5,57,66,17,98,11.5294,0.7206,0.6056,93,5,0.8864
book_5_w058_067,book_5,58,67,14,73,10.4286,0.8022,0.4691,63,10,0.7742
book_6_w001_010,book_6,1,10,34,219,12.8824,0.3904,0.6868,197,22,0.9549
book_6_w002_011,book_6,2,11,29,174,12.0,0.4286,0.8776,173,1,0.9981
book_6_w003_012,book_6,3,12,29,190,13.1034,0.468,0.8258,188,2,0.9795
book_6_w004_013,book_6,4,13,25,158,12.64,0.5267,0.808,155,3,0.9695
book_6_w005_014,book_6,5,14,26,167,12.8462,0.5138,0.7698,160,7,0.9396
book_6_w006_015,book_6,6,15,25,162,12.96,0.54,0.6604,148,14,0.9125
book_6_w007_016,book_6,7,16,21,106,10.0952,0.5048,0.6463,100,6,0.9073
book_6_w008_017,book_6,8,17,20,103,10.3,0.5421,0.6443,96,7,0.8706
book_6_w009_018,book_6,9,18,19,97,10.2105,0.5673,0.5401,88,9,0.8831
book_6_w010_019,book_6,10,19,22,133,12.0909,0.5758,0.6342,123,10,0.9576
book_6_w011_020,book_6,11,20,20,106,10.6,0.5579,0.6088,97,9,0.8832
book_6_w012_021,book_6,12,21,17,83,9.7647,0.6103,0.3885,66,17,0.785
book_6_w013_022,book_6,13,22,16,71,8.875,0.5917,0.4167,58,13,0.7987
book_6_w014_023,book_6,14,23,18,88,9.7778,0.5752,0.4063,75,13,0.7816
book_6_w015_024,book_6,15,24,16,82,10.25,0.6833,0.2585,63,19,0.7489
book_6_w016_025,book_6,16,25,19,114,12.0,0.6667,0.3523,92,22,0.733
book_6_w017_026,book_6,17,26,20,123,12.3,0.6474,0.4295,103,20,0.7724
book_6_w018_027,book_6,18,27,22,134,12.1818,0.5801,0.4889,116,18,0.8681
book_6_w019_028,book_6,19,28,23,142,12.3478,0.5613,0.5138,124,18,0.8394
book_6_w020_029,book_6,20,29,24,154,12.8333,0.558,0.5527,134,20,0.8419
book_6_w021_030,book_6,21,30,27,177,13.1111,0.5043,0.6137,156,21,0.868
book_6_w022_031,book_6,22,31,27,182,13.4815,0.5185,0.5513,157,25,0.7969
book_6_w023_032,book_6,23,32,26,172,13.2308,0.5292,0.5642,159,13,0.8785
book_6_w024_033,book_6,24,33,25,163,13.04,0.5433,0.6296,146,17,0.8633
book_6_w025_034,book_6,25,34,23,134,11.6522,0.5296,0.56,112,22,0.8652
book_6_w026_035,book_6,26,35,25,124,9.92,0.4133,0.4943,99,25,0.8076
book_6_w027_036,book_6,27,36,28,152,10.8571,0.4021,0.3854,123,29,0.8373
book_6_w028_037,book_6,28,37,27,137,10.1481,0.3903,0.4126,103,34,0.7303
book_6_w029_038,book_6,29,38,28,143,10.2143,0.3783,0.3684,113,30,0.7264
book_6_w030_039,book_6,30,39,25,123,9.84,0.41,0.2463,90,33,0.7266
book_6_w031_040,book_6,31,40,23,106,9.2174,0.419,0.2355,72,34,0.6651
book_6_w032_041,book_6,32,41,24,117,9.75,0.4239,0.2694,80,37,0.6587
book_6_w033_042,book_6,33,42,24,116,9.6667,0.4203,0.2845,83,33,0.6371
book_6_w034_043,book_6,34,43,22,104,9.4545,0.4502,0.1917,64,40,0.5402
book_6_w035_044,book_6,35,44,15,63,8.4,0.6,0.1078,41,22,0.6772
book_6_w036_045,book_6,36,45,13,47,7.2308,0.6026,0.3912,39,8,0.8481
book_6_w037_046,book_6,37,46,12,40,6.6667,0.6061,0.3748,37,3,0.8525
book_6_w038_047,book_6,38,47,15,57,7.6,0.5429,0.2131,42,15,0.701
book_6_w039_048,book_6,39,48,14,49,7.0,0.5385,0.243,34,15,0.5897
book_6_w040_049,book_6,40,49,12,40,6.6667,0.6061,0.1608,24,16,0.5625
book_6_w041_050,book_6,41,50,11,39,7.0909,0.7091,0.1375,22,17,0.6212
book_6_w042_051,book_6,42,51,11,37,6.7273,0.6727,0.0725,23,14,0.6333
book_6_w043_052,book_6,43,52,12,46,7.6667,0.697,-0.1163,18,28,0.619
book_6_w044_053,book_6,44,53,12,45,7.5,0.6818,-0.0685,23,22,0.6875
book_6_w045_054,book_6,45,54,16,70,8.75,0.5833,0.0665,39,31,0.6
book_6_w046_055,book_6,46,55,19,86,9.0526,0.5029,0.1302,52,34,0.6215
book_6_w047_056,book_6,47,56,20,95,9.5,0.5,0.0695,59,36,0.5404
book_6_w048_057,book_6,48,57,21,99,9.4286,0.4714,0.0393,54,45,0.5545
book_6_w049_058,book_6,49,58,22,100,9.0909,0.4329,0.0186,59,41,0.62
book_6_w050_059,book_6,50,59,21,95,9.0476,0.4524,0.0797,58,37,0.5508
book_6_w051_060,book_6,51,60,32,173,10.8125,0.3488,0.2051,111,62,0.6148
